number,eps_temp,eps_exp,eps_opls,eps_gaff,st_temp,st_exp,st_opls,st_gaff,solvent,MW,den_temp,den_exp,den_opls,den_gaff,vap_temp,vap_exp,vap_opls,vap_gaff,cmp_temp,cmp_exp,cmp_opls,cmp_gaff,therex_temp,therex_exp,therex_opls,therex_gaff,cp_temp,cp_exp,cp_opls,cp_gaff,cv_temp,cv_exp,cv_opls,cv_gaff
1,298.15,4.71,3.3,,298.15,26.67,11.8,11.7,chloroform,119.378,298.15,1479.3,1373.2,1375,298.15,31.28,29.2,28.42,298.15,1.03,2.16,1.79,298.15,1.29,2.28,1.91,298.15,116.98,94.3,94.2,298.15,117,94.4,94.2
2,282.05,5.3,2.4,5.6,300,17.6,7.2,9.8,dichloro(fluoro)methane,102.923,282.05,1399.17,1314,1308,282.05,24.95,21.92,23.86,282.05,,2.82,2.56,282.05,1.66,2.56,2.48,282.05,,78.9,80.7,282.05,107.07,78.9,80.7
3,298.15,7.23,5.1,,298.15,39.05,25.1,13.3,dibromomethane,173.835,298.15,2490.7,2475.3,1946.1,298.15,37.45,34.17,28.55,298.15,0.7,0.91,1.45,298.15,1.02,1.44,1.48,298.15,104.88,81.2,83.1,298.15,104.9,81.2,83.1
4,298.15,8.82,4.2,9.8,298.15,27.2,10.5,15.7,dichloromethane,84.9325,298.15,1394.3,1200.4,1258.1,298.15,28.82,23.36,26.48,298.15,1.03,2.22,1.47,298.15,1.35,2.31,1.73,298.15,100.86,70.3,76.9,298.15,100.88,70.4,76.9
5,253.65,37.2,37.2,37.2,253.65,25.91,22.6,23,methanal,30.0259,253.65,810.53,773,835.7,253.65,23.08,24.08,24.79,253.65,,1.15,1.15,253.65,2.11,1.88,1.96,253.65,,57.1,50.9,253.65,79.78,57.1,50.9
6,298.15,51.1,7.8,,298.15,37.13,32,66.9,methanoic^acid,46.0253,298.15,1214.5,1136.8,1371,298.15,19.9,42.48,65.46,298.15,0.65,0.54,0.24,298.15,1.02,1.05,0.58,298.15,98.99,79.5,74.8,298.15,99,79.5,74.8
7,276.65,14.3,14.3,7.2,276.65,27.18,21.1,8.7,bromomethane,94.9384,276.65,1721.95,1803.5,1400.7,298.15,27.07,25.16,18.48,276.65,,1.14,2.84,276.65,1.53,1.75,2.39,276.65,,59.2,,276.65,78.75,59.2,
8,298.15,108.94,108.94,41.1,298.15,57.03,53.1,58.4,methanamide,45.0405,298.15,1128.8,1122.1,1218.5,298.15,60.57,59.76,62.15,298.15,0.4,0.36,0.29,298.15,0.75,0.8,0.75,298.15,107.59,87.1,83,298.15,107.6,87.1,83
9,298.15,36.56,25.8,30.8,298.15,36.53,29.2,55.2,nitromethane,61.0399,298.15,1130.4,1103.4,1226.9,298.15,38.62,38.07,55.31,298.15,0.72,0.77,0.31,298.15,1.22,1.31,0.92,298.15,105.78,96.6,101.9,298.15,105.8,96.6,101.9
10,298.15,31.92,24.7,25.5,298.15,22.07,20.1,20.6,methanol,32.0417,298.15,787.2,776.8,807.5,298.15,37.43,36.44,39.62,298.15,1.25,1.08,1.02,298.15,1.19,1.53,1.41,298.15,81.46,75.8,73.4,298.15,81.47,75.8,73.4
11,293.15,3.79,2.1,2.5,298.15,34.7,34.7,,1*1*1*2*2-pentachloroethane,202.294,293.15,1679.6,1681.7,1669.2,293.15,46.29,47.53,46.74,293.15,,0.77,0.71,293.15,0.86,1.14,1.01,293.15,,154.8,154.6,293.15,173.96,154.8,154.6
12,298.15,7.91,3.6,2.9,298.15,35.58,24.5,22.1,1*1*2*2-tetrachloroethane,167.849,298.15,1586.5,1550.6,1538.1,298.15,45.71,42.94,41.62,298.15,0.62,0.84,0.83,298.15,0.97,1.19,1.05,298.15,165.67,135.3,139.7,298.15,165.7,135.4,139.7
13,298.15,3.7,3.7,4.1,298.15,21.66,15.7,9.8,1*1-dichloroethene,96.9432,298.15,1214.9,1176.6,1053.8,298.15,26.48,26.85,22.87,298.15,,2.13,3.88,298.15,1.5,2.23,2.9,298.15,,86.6,81.8,298.15,111.33,86.7,81.8
14,298.15,7.19,6.1,6.4,298.15,34.02,25,23.1,1*1*2-trichloroethane,133.404,298.15,1431.4,1424.9,1408.8,298.15,40.28,39.64,39.22,298.15,0.75,0.8,0.91,298.15,1,1.17,1.35,298.15,148.48,119.7,122.6,298.15,148.5,119.7,122.6
15,298.15,35.69,20.4,23.7,298.15,28.66,16.6,21.6,acetonitrile,41.0518,298.15,776,755.1,729.6,298.15,33.23,30.42,32.6,298.15,1.07,1.62,1.18,298.15,1.38,1.92,1.59,298.15,91.38,58.1,74.7,298.15,91.4,58.2,74.7
16,298.15,4.93,20.8,5.7,298.15,39.55,38,17.9,1*2-dibromoethane,187.861,298.15,2169.3,2336.3,1807.5,298.15,41.73,48.83,34.71,298.15,0.64,0.54,1.17,298.15,0.94,1.06,1.42,298.15,135.98,112.6,105,298.15,136,112.6,105.1
17,298.15,10.1,3.2,10,298.15,24.07,15.1,17.1,1*1-dichloroethane,98.959,298.15,1168.4,1166.6,1163.9,298.15,30.62,28.29,31.73,298.15,1.15,1.33,1.26,298.15,1.33,1.6,1.46,298.15,126.18,103.7,106.9,298.15,126.2,103.8,106.9
18,298.15,10.13,13.4,19.8,298.15,31.86,23.2,24.4,1*2-dichloroethane,98.959,298.15,1246.3,1236.8,1235.3,298.15,35.16,35.08,36.99,298.15,0.82,0.95,0.86,298.15,1.15,1.43,1.25,298.15,128.88,106.5,104.4,298.15,128.9,106.6,104.4
19,298.15,8.84,5.4,,298.15,24.36,20.8,32.3,methyl^formate,60.0518,298.15,967,952,1045.2,298.15,30.59,29.36,38.29,298.15,,1,0.62,298.15,1.61,1.32,1.16,298.15,,102.6,100.1,298.15,119.7,102.6,100.2
20,298.15,9.01,9.4,8,298.15,23.62,18.2,11,bromoethane,108.965,298.15,1449.3,1528.5,1277.5,298.15,27.62,29.65,25.15,298.15,1.25,1.17,2.1,298.15,1.4,1.47,2.14,298.15,99.71,90.6,84.4,298.15,99.73,90.6,84.4
21,285.45,9.8,7.4,10.1,285.45,20.13,11.9,12,chloroethane,64.5139,285.45,908.44,893.2,878.1,285.45,24.85,23.67,24.28,285.45,,1.88,1.91,285.45,1.37,2.09,1.83,285.45,,82.8,83.1,285.45,102.8,82.8,83.1
22,293.15,25.8,18.7,23.2,298.15,38.48,38.48,,2-chloroethanol,80.5133,293.15,1201.9,1195.7,1230.1,293.15,46.02,48.65,55.03,293.15,,0.56,0.49,293.15,0.86,1,0.91,293.15,,120,117.6,293.15,109.03,120,117.6
23,358.15,67.87,32.8,,358.15,38.96,36.2,34.1,ethanamide,59.067,358.15,998.6,1018.7,1030.8,358.15,62.06,64.67,65.11,358.15,,0.46,0.48,358.15,0.9,0.79,0.87,358.15,,137.2,133,358.15,148.39,137.2,133
24,298.15,189,19.2,13.3,298.15,38.52,36.9,38.2,N-methylformamide,59.067,298.15,999.5,979.9,1046.9,298.15,56.25,49.85,56.76,298.15,0.56,0.46,0.41,298.15,0.88,0.99,0.85,298.15,123.78,119.4,115,298.15,123.8,119.4,115
25,298.15,28.29,18.9,20.8,298.15,32.13,26.4,39.1,nitroethane,75.0664,298.15,1044.1,1032.6,1096.3,298.15,40.24,41.08,55.23,298.15,0.79,0.71,0.41,298.15,1.14,1.16,1.08,298.15,138.48,127.5,131.7,298.15,138.5,127.5,131.7
26,240,6.88,8.8,7.8,298.08,11.8,6,8.3,methoxymethane,46.0682,240,742.08,741.4,773,240,21.72,30.87,24.12,240,,1.51,1.23,240,1.81,2.36,1.73,,,,,,,,
27,298.15,24.85,24.85,14.2,298.15,21.97,18.7,18.6,ethanol,46.0682,298.15,784.8,796.3,797.3,298.15,42.32,42.32,44.62,298.15,1.15,0.95,0.98,298.15,1.09,1.44,1.26,298.15,112.29,109,106.1,298.15,112.3,109,106.2
28,298.15,7.2,6.9,10.8,298.15,35.9,35.9,28.2,1*2-ethanedithiol,94.1988,298.15,1118.87,1156.2,1166.5,298.15,44.15,46.75,41.66,298.15,,0.5,0.74,298.15,1.14,,1.06,298.15,,144.4,133.5,298.15,,144.4,133.5
29,298.15,9.6,18.3,8.6,298.15,33.39,20.7,16.9,methyldisulfanylmethane,94.1988,298.15,1057.32,1030,1014.7,298.15,38.32,37.52,32.75,298.15,,1.01,1.28,298.15,1.1,1.4,1.6,298.15,,133.7,126.8,298.15,145.96,133.7,126.9
30,298.15,46.83,43.6,59.6,298.15,42.92,42.4,41.6,methylsulfinylmethane,78.1332,298.15,1095.8,1101.3,1136.2,298.15,52.89,55.62,57.5,298.15,0.52,0.41,0.41,298.15,0.91,1.03,0.74,298.15,153.08,131.9,132.4,298.15,153.1,132,132.4
31,298.15,6.45,9.8,6.8,298.15,24.06,17.6,10.6,methylsulfanylmethane,62.1338,298.15,841.9,837.1,801.9,298.15,27.65,29.65,23.88,298.15,,1.28,2.22,298.15,1.3,1.69,2.03,298.15,,105.6,96.3,298.15,118.1,105.7,96.3
32,293.15,32.1,48.9,,298.15,48.32,39.4,57.4,2-aminoethanol,61.0828,293.15,1018,1027.4,1132.7,293.15,64.03,55.17,82.46,293.15,0.38,0.45,0.22,293.15,0.77,0.96,0.59,293.15,,133.5,128,293.15,,133.5,128
33,298.15,13.52,22.8,14.2,298.15,41.12,32.5,45.2,ethane-1*2-diamine,60.098,298.15,889.1,981,1035.1,298.15,46.6,49.79,57.95,298.15,0.51,0.53,0.33,298.15,0.79,1.25,0.86,298.15,172.49,143.4,139.6,298.15,172.5,143.4,139.6
34,298.15,32.36,11.1,22.3,298.15,26.63,20.4,19.4,prop-2-enenitrile,53.0625,298.15,801.1,771.2,775.3,298.15,33.26,31.47,33.33,298.15,,1,1.33,298.15,1.42,1.3,1.7,298.15,,81.2,83.4,298.15,108.6,81.2,83.4
35,312.15,89.91,89.91,85.8,312.15,63.28,54.7,65.2,1*3-dioxolan-2-one,88.0619,312.15,1321.4,1320.7,1360.1,312.15,60.96,64.9,75.55,312.15,,0.32,0.26,312.15,0.75,0.72,0.84,312.15,,142.4,135.8,312.15,133.84,142.4,135.8
36,298.15,29.32,15,17.7,298.15,26.75,16.2,21.1,propanenitrile,55.0783,298.15,776.4,753.6,744.8,298.15,36.03,33.57,36.29,298.15,1.11,1.5,1.14,298.15,1.33,1.77,1.71,298.15,119.68,89.3,105,298.15,119.7,89.3,105
37,298.15,4.55,4.55,5.2,298.15,34.5,33.9,20.1,1*2-dibromopropane,201.888,298.15,1924.95,2096.8,1701.6,298.15,42.2,50.99,40.24,298.15,,0.52,0.96,298.15,0.8,1.04,1.11,298.15,,147,136.9,298.15,172.8,147,136.9
38,298.15,10.18,6.7,8.3,298.15,33.93,23.6,25.1,1*3-dichloropropane,112.985,298.15,1178.5,1169.2,1164.5,298.15,40.05,40.08,41.97,298.15,0.76,0.85,0.83,298.15,1,1.09,1.12,298.15,159.43,137,136.2,298.15,159.45,137.1,136.2
39,298.15,14.7,14.7,,298.15,13,13,14.7,(2R)-2-methyloxirane,58.0789,298.15,830,774.7,803.1,298.15,27.9,26.93,27.87,298.15,,1.7,1.47,298.15,1.93,,2,298.15,,111.6,103,298.15,,111.7,103
40,298.15,20.49,15.4,12,298.15,22.72,17.2,19.2,propan-2-one,58.0789,298.15,784.9,800.3,785.6,298.15,30.99,30.76,34.47,298.15,1.32,1.31,1.14,298.15,1.45,1.57,1.56,298.15,124.88,117.3,111.7,298.15,124.9,117.3,111.7
41,298.15,6.86,4.6,5,298.15,24.73,23.2,26.1,methyl^acetate,74.0783,298.15,928.3,945.6,967.6,298.15,32.29,36.34,41.2,298.15,1.14,0.83,0.69,298.15,1.42,1.34,1.16,298.15,143.88,135.9,133.3,298.15,143.9,135.9,133.4
42,298.15,6.98,3,3.3,298.15,32.61,26,37.6,1*3-dioxolane,74.0783,298.15,1064.4,1046.3,1116.5,298.15,35.6,36.22,43.18,298.15,0.76,0.77,0.47,298.15,1.18,1.45,0.95,293.15,,124.2,123.7,293.15,120.32,124.3,123.7
43,298.15,8.19,2.7,8.3,298.15,26.62,19.1,15.8,2-iodopropane,169.992,298.15,1737.25,1836.4,1599.4,298.15,34.2,33.85,33.71,298.15,,1.01,1.26,298.15,1.1,1.13,0.91,298.15,,125.7,123.5,298.15,139.72,125.7,123.6
44,298.15,8.05,7.8,7.2,298.15,25.26,19.4,14.5,1-bromopropane,122.991,298.15,1345.38,1408.6,1229.9,298.15,32.2,34.83,31.41,298.15,1.13,0.99,1.47,298.15,1.3,1.28,1.56,298.15,133.44,122.8,116.5,298.15,133.47,122.8,116.5
45,298.15,14.9,14.9,24.5,298.15,35.74,31.5,36.1,N*N-dimethylformamide,73.0935,298.15,943.3,922.2,984.2,298.15,47.57,46.08,52.57,298.15,0.64,0.58,0.48,298.15,1,1.21,0.71,298.15,148.28,148.8,142.9,298.15,148.3,148.9,142.9
46,320,14.2,14.2,10.4,320,31.26,33,31.1,N-methylacetamide,73.0935,320,920.52,952,968.4,320,58.32,55.12,59.68,320,,0.5,0.55,320,0.85,0.9,1.07,,,,,,,,
47,298.15,23.73,12.2,14.5,298.15,29.85,24,34.9,1-nitropropane,89.0929,298.15,995.4,989.7,1042.2,298.15,43.39,44.97,59.32,298.15,0.8,0.74,0.44,298.15,1.01,1.34,0.93,298.15,175.28,159.7,161.7,298.15,175.3,159.7,161.7
48,298.15,25.65,15,15.6,298.15,29.29,24.9,33.6,2-nitropropane,89.0929,298.15,983.3,995.6,1034.2,298.15,41.34,43.74,56.44,298.15,0.89,0.73,0.47,298.15,1.04,1.07,0.91,298.15,170.18,163.6,163.6,298.15,170.2,163.6,163.6
49,298.15,2.65,4.4,3.9,298.15,18.75,17.1,20.3,dimethoxymethane,76.0941,298.15,853.56,874.6,905,298.15,29.54,32.23,34.47,298.15,,1.18,1.02,298.15,1.5,1.57,1.5,298.15,,145.6,144.1,298.15,161.5,145.7,144.1
50,320,41.69,25.6,24.5,298.15,63,51.8,70.5,propane-1*2*3-triol,92.0935,293.15,1261.3,1259.7,1310.2,293.15,90.21,95.44,99.6,293.15,0.24,0.22,0.15,293.15,0.46,0.59,0.2,293.15,216.69,174.1,171.2,293.15,216.7,174.1,171.3
51,298.15,5.11,5.7,5.9,298.15,21.75,12.6,17.2,propan-1-amine,59.1099,298.15,711.47,726.3,757.3,298.15,30.98,33.08,38.36,298.15,1.21,1.55,1,298.15,1.4,2.03,1.5,298.15,162.77,138.9,138.4,298.15,162.79,139,138.5
52,298.15,5.47,5.47,5.5,298.15,17.36,13,17.9,propan-2-amine,59.1099,298.15,683.08,731.6,768.3,298.15,28.56,32.7,40.67,298.15,,1.5,0.95,298.15,1.6,1.82,1.4,298.15,,141.8,142.5,298.15,163.81,141.9,142.5
53,243.65,1.85,1,1.1,243.65,16.42,12.6,13,2-methylpropane,58.1218,243.65,613.53,643.5,631.3,243.65,22.35,24.61,25.03,243.65,,1.66,1.45,243.65,1.68,2.12,1.8,,,,,,,,
54,298.15,5.72,7.7,5.5,298.15,24.57,18.7,14.5,ethylsulfanylethane,90.1868,298.15,831.2,836.9,808.1,298.15,35.77,39.05,34.55,298.15,,1.06,1.34,298.15,1.45,1.39,1.6,298.15,,167.8,156.3,298.15,171.4,167.8,156.3
55,298.15,5.01,4.2,6,298.15,25.22,19.9,17.6,butane-1-thiol,90.1868,298.15,837,860.3,850.4,298.15,37.14,38.81,38.01,298.15,,0.95,1.1,298.15,1.2,1.07,1.61,298.15,,170.4,161.2,298.15,171.2,170.5,161.2
56,298.15,17.33,12.8,9.8,298.15,24.93,18.6,19.5,butan-1-ol,74.1212,298.15,805.7,805.3,815,298.15,52.35,51.39,60.08,298.15,0.94,0.88,0.77,298.15,0.93,1.18,0.91,298.15,176.99,174,168.1,298.15,177,174,168.1
57,298.15,9.3100576,7.06,5.17445,320,15.8,15.8,17.3,2-methylpropan-2-ol,74.1212,320,757.94,800.7,803.3,320,44.01,47.2,57.28,320,,1.08,1.03,320,1.24,,1.52,,,,,,,,
58,293.15,32.86,18,,298.15,45.47,45.6,48.4,butane-1*4-diol,90.1206,298.15,1012.6,1019,1046.7,298.15,76.6,81.43,87.23,298.15,0.44,0.34,0.32,298.15,0.65,0.6,0.82,298.15,202.19,195.4,185.1,298.15,202.2,195.5,185.1
59,288.15,32.81,16.3,,288.15,56.61,41.7,65.6,(2-hydroxyethoxy)ethan-2-ol,106.12,288.15,1119.7,1107.7,1202.3,288.15,83.13,78.15,103.66,288.15,,0.35,0.16,288.15,0.63,0.8,0.19,288.15,,210.7,197.6,288.15,256.39,210.7,197.6
60,298.15,3.58,4.6,4.5,298.15,19.85,12.6,15.8,N-ethylethanamine,73.1364,298.15,701.9,717,731.4,298.15,31.32,33.34,36.96,298.15,1.51,1.62,1.18,298.15,1.56,2.05,1.78,298.15,176.67,164.1,161.7,298.15,176.7,164.2,161.7
61,298.15,4.62,4.7,5.2,298.15,23.44,14.5,17.6,butan-1-amine,73.1364,298.15,736.6,747.2,773.8,298.15,35.74,38.53,45.83,298.15,1.14,1.28,0.9,298.15,1.35,1.69,1.25,298.15,187.97,172.8,170.5,298.15,188,172.8,170.5
62,298.15,4.01,3.8,3.4,298.15,16.87,15.3,17.1,2-methylpropan-2-amine,73.1364,298.15,690.07,761.2,776.6,298.15,28.8,36.68,45.68,298.15,,1.25,0.93,298.15,1.4,1.73,1.56,298.15,,181.9,180,298.15,192.1,182,180.1
63,293.15,22.9486,14.2,5.35,320,50.6,45.7,49.4,2-(2-hydroxyethylamino)ethanol,105.135,320,1079.23,1080.4,1157,320,83.64,88.94,110.71,320,,0.37,0.23,320,0.61,0.76,0.63,,,,,,,,
64,298.15,8.8,8.8,8.6,298.15,30.33,41.7,41.1,pyrimidine,80.0878,298.15,1016.4,1094.5,1116,298.15,49.81,49.33,50.47,298.15,,0.44,0.41,298.15,0.89,1.04,1.14,298.15,,124.6,120.8,298.15,133.7,124.6,120.9
65,298.15,2.94,1.5,1.5,298.15,22.65,19.6,18.7,furan,68.0738,298.15,931.3,958.2,966,298.15,27.46,29.81,30.33,298.15,,1.04,1.01,298.15,0.73,1.56,1.51,298.15,,99.3,97.3,298.15,114.8,99.3,97.3
66,298.15,2.73,2.6,,298.15,30.68,29.4,19.5,thiophene,84.1394,298.15,1059.01,1087.6,1050,298.15,34.65,39.15,32.72,298.15,,0.62,0.96,298.15,1.1,1.01,1.4,298.15,,110.3,104.4,298.15,123.98,110.3,104.4
67,298.15,7.92,4,4.2,298.15,36.95,28.9,29.9,1H-pyrrole,67.089,298.15,965.3,985.6,1015.1,298.15,45.15,44.14,52.51,298.15,0.65,0.6,0.51,298.15,0.87,1.05,0.81,298.15,128.19,116.2,113.8,298.15,128.2,116.2,113.9
68,298.15,4.1,4.1,3.3,298.15,22.03,27.4,24,ethenyl^acetate,86.089,298.15,925.6,970.2,979,298.15,34.58,44.07,43.4,298.15,,0.67,0.78,298.15,1.3,1.04,1.41,298.15,,150.8,144.2,298.15,171.47,150.9,144.3
69,293.15,39,30.2,,298.15,44.6,30,,oxolan-2-one,86.089,293.15,1129.6,1105.9,1142.7,293.15,52.84,53.12,64.6,293.15,,0.42,0.34,293.15,0.74,0.69,0.8,293.15,,147.3,140.5,293.15,139.96,147.3,140.5
70,293.15,22.45,8.9,12.5,298.15,32,32,,acetyl^acetate,102.088,293.15,1082,1122.7,1131.1,293.15,47.32,61.27,68.65,293.15,,0.36,0.39,293.15,1.15,0.85,0.83,293.15,,179.8,172,293.15,189.13,179.8,172
71,298.15,9.51,8.4,8.6,298.15,35.42,25.4,26.3,1*4-dichlorobutane,127.012,298.15,1133.1,1128.1,1125.3,298.15,46,46.92,48.84,298.15,0.69,0.8,0.71,298.15,1,1.1,0.92,298.15,189.2,169.3,167.2,298.15,189.23,169.3,167.3
72,298.15,8.04,5.7,,298.15,26.65,17.7,24.4,oxolane,72.1054,298.15,883.7,858.8,893.8,298.15,31.8,32.14,37.14,298.15,0.95,1.1,0.76,298.15,1.29,1.83,1.32,298.15,123.87,134.8,131.6,298.15,123.9,134.8,131.6
73,293.15,4.4,4.4,,298.15,30,30,,ethoxyethene,72.1054,293.15,758.9,775.4,766.7,293.15,27.84,31.51,31.93,293.15,,1.4,1.5,293.15,1.57,1.65,1.82,293.15,,135.2,130.3,293.15,153.58,135.2,130.4
74,298.15,5.99,4,3.9,298.15,23.39,23.2,24.1,ethyl^acetate,88.1048,298.15,894.5,921.4,931.8,298.15,35.59,41.91,45.81,298.15,1.21,0.8,0.74,298.15,1.38,1.16,1.44,298.15,167.67,169.5,164.5,298.15,167.7,169.6,164.6
75,320,41.24,15.5,25.1,320,53.33,46.2,55.9,tetrahydrothiophene^1*1-dioxide,120.17,320,1248.99,1260,1299.3,320,66.59,72.33,86.42,320,,0.36,0.26,320,0.88,,0.88,,,,,,,,
76,298.15,7.1,7.1,6.1,298.15,33.82,26.9,23.7,thiolane,88.171,298.15,994,981.4,975.9,298.15,38.62,41.12,38.85,298.15,,0.67,0.77,298.15,0.95,1.07,1.07,298.15,,147.2,139.5,298.15,139.8,147.2,139.6
77,298.15,6.89,6.3,5.6,298.15,25.9,20.3,16.5,1-bromobutane,137.018,298.15,1268.7,1317.9,1180.5,298.15,36.6,40.05,36.91,298.15,1.03,0.93,1.2,298.15,1.14,1.21,1.3,298.15,168.07,155.4,147,298.15,168.1,155.4,147
78,298.15,7.09,4.9,6.2,298.15,23.18,15.1,15.8,1-chlorobutane,92.5669,298.15,880.8,877.7,871.1,298.15,33.52,33.77,35.63,298.15,1.21,1.34,1.23,298.15,0.8,1.56,1.34,298.15,174.59,151,146.2,298.15,174.6,151.1,146.2
79,298.15,8.04,5.2,4.8,298.15,37.06,19,25.7,pyrrolidine,71.1206,298.15,853.8,855,881.3,298.15,37.57,38.28,42.13,298.15,0.81,0.92,0.66,298.15,1.13,1.38,1.25,298.15,156.48,146.5,141.3,298.15,156.5,146.5,141.3
80,298.15,38.9,14.3,19.4,298.15,33.09,32.1,31.3,N*N-dimethylacetamide,87.12,298.15,936.8,927.1,945.8,298.15,50.23,51.82,53.55,298.15,0.63,0.53,0.56,298.15,0.98,1.03,1.21,298.15,175.97,182.2,174.5,298.15,176,182.3,174.6
81,293.15,7.46,4.2,5.8,298.15,37.68,32.7,44.4,morpholine,87.12,293.15,1000.5,1045.6,1088,293.15,45.32,54.13,59.56,293.15,,0.51,0.32,293.15,0.91,1.01,0.81,293.15,,167.8,160.5,293.15,173.88,167.8,160.6
82,298.15,12.98,6.7,,298.15,36.56,29.1,27.6,pyridine,79.0997,298.15,977.8,975.3,982.2,298.15,40.15,41.34,41.27,298.15,0.71,0.64,0.64,298.15,1.02,1.07,1.14,298.15,135.58,125.9,120.8,298.15,135.6,125.9,120.8
83,298.15,13.58,9.5,8.3,298.15,32.8,26.2,30.3,cyclopentanone,84.1161,298.15,945.2,942.8,936.6,298.15,42.63,42.89,48.17,298.15,,0.69,0.56,298.15,1.02,0.92,0.86,298.15,,159.1,152.8,298.15,154.5,159.1,152.8
84,298.15,13.9,13.9,13.8,298.15,24.8,24.8,22.9,1-cyclopropylethanone,84.1161,298.15,894.48,875.2,901.1,298.15,39.4,44.04,45.66,298.15,,0.76,0.75,298.15,1.13,,1.29,298.15,,167.4,158.4,298.15,,167.4,158.4
85,298.15,26.28,5.1,28.9,298.15,30.9,32.9,33.8,pentane-2*4-dione,100.115,298.15,972,1015.9,985.7,298.15,41.8,56.39,60.19,298.15,,0.5,0.51,298.15,1.09,1.02,0.85,298.15,,197.2,183.9,298.15,208.2,197.2,184
86,298.15,6.53,25,4,298.15,24.24,29.4,23.4,methyl^2-methylprop-2-enoate,100.115,298.15,937.7,984.3,960.7,298.15,39.13,54.73,46.34,298.15,,0.61,0.73,298.15,1.2,1.03,1.05,298.15,,187.4,178.1,298.15,189.82,187.4,178.1
87,298.15,19.89,10.7,,298.15,26.97,17.5,21.5,pentanenitrile,83.1313,298.15,794.4,783.3,775.1,298.15,44.08,42.65,46.25,298.15,0.95,1.15,0.88,298.15,1.06,1.43,1.19,298.15,189.68,156.6,167.8,298.15,189.7,156.6,167.8
88,298.15,5.76,3.7,3,298.15,23.8,22.3,22.8,ethyl^propanoate,102.131,298.15,884.2,908.3,908.2,298.15,39.25,46.45,49.58,298.15,1.3,0.77,0.77,298.15,1.25,1.24,1.39,298.15,196.07,202.9,195.5,298.15,196.1,203,195.6
89,298.15,2.84,2.84,1.3,298.15,25.92,25,29.2,diethyl^carbonate,118.131,298.15,969.1,998.6,1020.9,298.15,41.1,52.66,60.79,298.15,1,0.68,0.53,298.15,1.1,1.1,0.72,298.15,212.37,223.6,219.5,298.15,212.4,223.6,219.5
90,298.15,15.13,10.6,9.5,298.15,25.36,19,19.4,pentan-1-ol,88.1477,298.15,812.4,811.7,819.6,298.15,57.02,56.79,65.43,298.15,0.88,0.82,0.74,298.15,0.89,1.11,0.86,298.15,208.88,207.2,197.3,298.15,208.9,207.3,197.3
91,298.15,13.35,8.5,8.4,298.15,23.65,18.8,19.7,pentan-3-ol,88.1477,298.15,815.99,819.3,816.4,298.15,52.37,53.65,57.79,298.15,0.93,0.88,0.76,298.15,1.2,1.51,1.25,298.15,247.69,208.7,200.6,298.15,247.72,208.7,200.7
92,293.15,5.97,5.3,,298.15,18.4,18.4,19.2,2-methylbutan-2-ol,88.1477,298.15,805,829.4,834.7,298.15,50.2,50.64,66.93,298.15,1.11,0.87,0.69,298.15,1.14,1.23,0.92,298.15,244.28,212.8,204.2,298.15,244.3,212.8,204.2
93,300,25.3,25.3,,298.15,46.32,46.8,51.4,pentane-1*5-diol,104.147,298.15,986.2,990.8,1016.2,298.15,82.4,89.14,101.08,298.15,0.46,0.41,0.3,298.15,0.61,0.86,0.56,298.15,225.49,228.2,214.8,298.15,225.5,228.2,214.9
94,298.15,3.4,3.4,,298.15,22.26,15.8,18.1,pentan-3-amine,87.1629,298.15,743.67,766.7,779.6,298.15,39.64,40.45,46.96,298.15,,1.15,0.91,298.15,1.3,1.62,1.41,298.15,,206.6,,298.15,205.13,206.7,
95,298.15,7.2,7.2,5.3,298.15,14.2,14.2,11.2,1*2*3*4-tetrafluorobenzene,150.074,298.15,1416.1,1348.3,1247.8,298.15,36.61,36.85,35.45,298.15,,1.39,1.84,298.15,1.77,,1.52,298.15,,173.3,170.6,298.15,190.06,173.4,170.7
96,,8.1,8.1,,298.15,13.1,13.1,9.4,1*2*3*5-tetrafluorobenzene,150.074,298.15,1393,1342.8,1231.9,298.15,35.4,37.1,33.81,298.15,,1.51,1.96,298.15,1.8,,1.77,298.15,,175.9,169.7,298.15,190.19,176,169.7
97,298.15,5.06,3.8,,298.15,25.95,14.1,15,1*3-difluorobenzene,114.093,298.15,1162.02,1107.1,1090.6,298.15,36.58,34.03,33.78,298.15,,1.44,1.25,298.15,1.2,1.75,1.36,298.15,,145.2,140.5,298.15,159.1,145.2,140.5
98,298.15,13.59,11.3,,298.15,26.07,16.1,16.1,1*2-difluorobenzene,114.093,298.15,1150.01,1119.3,1099.3,298.15,36.11,35.59,35.24,298.15,,1.4,1.26,298.15,1.2,1.67,1.53,298.15,,146.3,140.7,298.15,159,146.4,140.7
99,298.15,5.34,5.34,3.3,298.15,26.66,18.3,16.7,fluorobenzene,96.1021,298.15,1019.1,1015,989.6,298.15,34.58,34.37,33.87,298.15,0.94,1.01,1.26,298.15,1.18,1.2,1.6,298.15,146.28,155.5,126.9,298.15,146.3,155.6,126.9
100,298.15,34.81,8,25.2,298.15,43.23,33.6,45.3,nitrobenzene,123.109,298.15,1198.7,1174.4,1233.1,298.15,55.01,55.4,70.79,298.15,0.51,0.48,0.34,298.15,0.85,0.82,0.77,298.15,177.17,174.9,177.9,298.15,177.2,174.9,177.9
101,293.15,13.4,8,4.7,293.15,40.73,33.1,30.9,2-chloroaniline,127.571,293.15,1210,1228.8,1239.2,293.15,57.6,57.28,56.13,293.15,,0.47,0.51,293.15,0.86,,0.9,293.15,,175.1,174.4,293.15,196.88,175.2,174.5
102,318.15,11.15,5.8,,318.15,38.72,30.1,27.6,phenol,94.111,318.15,1054.5,1057,1051.5,318.15,56.32,61.26,53.16,318.15,,0.54,0.61,318.15,0.8,0.92,1.15,318.15,,167.4,160.4,318.15,202.77,167.4,160.4
103,298.15,4.27,2.4,2.9,298.15,38.7,21.6,23.9,benzenethiol,110.177,298.15,1073.01,1051.1,1061.4,298.15,48.47,41.11,43.75,298.15,,0.83,0.85,298.15,0.9,1.11,1.38,298.15,,153.4,153.1,298.15,173.55,153.4,153.1
104,298.15,9.95,5.2,,298.15,33,27.6,25.7,2-methylpyridine,93.1262,298.15,939.8,948,941.5,298.15,42.92,45.9,44.87,298.15,,0.63,0.72,298.15,0.99,1.14,0.96,298.15,,161.4,154.6,298.15,159.2,161.4,154.7
105,298.15,11.64,7.1,5.6,298.15,35.04,29,26.6,3-methylpyridine,93.1262,298.15,953.3,952.1,944.2,298.15,45.23,47.14,45.59,298.15,,0.59,0.66,298.15,0.97,0.96,0.97,298.15,,161.6,153.7,298.15,159,161.6,153.7
106,298.15,11.96,11.96,6.6,298.15,35.43,27.9,26.8,4-methylpyridine,93.1262,298.15,950.3,948.4,950.3,298.15,44.81,46.4,46.06,298.15,0.7,0.6,0.67,298.15,0.96,0.95,1.29,298.15,158.98,160.6,154.2,298.15,159,160.6,154.3
107,298.15,15.62,7.6,8.5,298.15,34.57,27.3,30,cyclohexanone,98.1426,298.15,941.9,947.9,936.8,298.15,45.13,47.61,52.1,298.15,0.66,0.65,0.56,298.15,0.95,0.99,1.05,298.15,179.27,193.2,182.3,298.15,179.3,193.2,182.4
108,293.15,1,1,1,293.15,12.8,12.8,10.8,(E)-hex-2-ene,84.159,293.15,678.5,682,660.3,293.15,32.2,33.62,32.14,293.15,,1.55,1.86,293.15,1.7,,1.53,,,,,,,,
109,298.15,14.6,10.1,,298.15,25.45,19.3,20.2,hexan-2-one,100.158,298.15,807,821.5,803.4,298.15,42.9,46.44,48.63,298.15,1.01,0.93,0.87,298.15,1.1,1.28,1.45,298.15,213.14,213.9,203.7,298.15,213.17,213.9,203.8
110,293.15,14.7,64.18,8.17,293.15,26.16,30.1,36.9,2*4*6-trimethyl-1*3*5-trioxane,132.157,293.15,994.3,1094.8,1095.7,293.15,44.96,74.17,76.61,293.15,,0.55,0.31,293.15,1.1,1.18,0.63,293.15,,249.4,246.4,293.15,255.56,249.4,246.4
111,298.15,4.55,4.3,4,298.15,31.22,24,29.1,cyclohexanamine,99.1736,298.15,863,898,921.1,298.15,43.23,50.02,61.77,298.15,,0.68,0.5,298.15,1,1.2,0.83,298.15,,216.7,207.9,298.15,200.84,216.7,207.9
112,298.15,3.97,2.6,13.9,298.15,17.27,13.2,16.6,2-propan-2-yloxypropane,102.174,298.15,718.1,748.2,762.7,298.15,32.6,36.69,42.9,298.15,1.61,1.48,1.08,298.15,1.48,1.59,1.46,298.15,216.06,225.5,221.6,298.15,216.1,225.5,221.6
113,298.15,7.23,6,7.8,298.15,29.3,24.9,33.5,1-methoxy-2-(2-methoxyethoxy)ethane,134.173,298.15,938.3,954.5,1009.1,298.15,43.15,62.23,72.34,298.15,0.64,0.68,0.46,298.15,1.07,1.03,1.1,298.15,225.95,273.6,267.8,298.15,226,273.6,267.9
114,298.15,13.2,28.2,3.4,298.15,29.61,28.8,31.2,triethyl^phosphate,182.154,298.15,1069.6,1082.1,1120.6,298.15,57.3,77.69,86.07,298.15,1.49,0.58,0.37,298.15,0.96,1.03,0.24,298.15,,333.2,325.4,298.15,,333.3,325.4
115,298.15,2.38,2.7,1.4,298.15,20.22,13.9,16.8,N*N-diethylethanamine,101.189,298.15,722.8,744.1,753.1,298.15,34.88,38.16,42.25,298.15,1.38,1.34,1.03,298.15,1.3,1.79,1.47,298.15,224.37,228.8,221.5,298.15,224.4,228.9,221.5
116,298.15,2.5,2.5,,298.15,19.14,15,18,N-propan-2-ylpropan-2-amine,101.189,298.15,712.27,751,762.3,298.15,34.65,39.44,44.51,298.15,1.45,1.26,0.99,298.15,1.3,1.35,1.19,298.15,226.32,235.6,229.9,298.15,226.35,235.7,230
117,298.15,9.22,9.22,6.5,298.15,23.21,16,16.7,trifluoromethylbenzene,146.11,298.15,1177.98,1191,1171.9,298.15,37.73,38.88,41.92,298.15,,1.15,1.16,298.15,1.2,1.35,1.36,298.15,,184.2,185.1,298.15,188.8,184.3,185.2
118,288.15,26.41,6.6,16.9,293.15,38.59,33.9,28,benzonitrile,103.121,288.15,1009.3,1014.1,989.3,288.15,52.14,54.09,53.52,288.15,,0.48,0.68,288.15,0.83,0.89,1.05,288.15,,165.2,150.3,288.15,163,165.2,150.4
119,298.15,17.4,17.4,10.9,298.15,38,32.5,31,benzaldehyde,106.122,298.15,1043.6,1031.4,1036.9,298.15,39.6,54.47,52.83,298.15,0.23,0.48,0.58,298.15,0.25,0.77,1.06,298.15,172,169.5,161.1,298.15,172,169.5,161.1
120,298.15,2.37,1.2,1.1,298.15,27.73,20.9,17,toluene,92.1381,298.15,861.9,872,851.2,298.15,37.99,40.02,37.39,298.15,0.92,0.88,1.06,298.15,1.07,1.49,1.62,298.15,157.18,161.7,153.5,298.15,157.2,161.7,153.5
121,298.15,4.22,2.4,2.6,298.15,35.1,25,25.9,methoxybenzene,108.138,298.15,989.4,980.7,991.9,298.15,45,47.53,48.89,298.15,0.69,0.65,0.65,298.15,0.95,1.08,1.18,298.15,208.57,179.5,177.3,298.15,208.6,179.6,177.3
122,297.15,13.09,7.9,5.8,298.15,35.97,30.9,29.1,phenylmethanol,108.137,297.15,1041.9,1041.5,1045.2,297.15,65.59,62.16,62.62,297.15,,0.46,0.51,297.15,0.69,0.8,0.81,297.15,,188.8,182.7,297.15,216.44,188.8,182.8
123,308.15,6.44,4.2,4.2,308.15,36.11,29.7,27.1,2-methylphenol,108.137,308.15,1032.7,1039.4,1040.4,308.15,56.9,63.93,63.66,308.15,,0.5,0.52,308.15,0.79,0.93,0.96,308.15,,201,194.2,308.15,234.03,201.1,194.2
124,320,10.43,6.9,5.2,300,12,12,,3-methylphenol,108.137,320,1012.38,1022.2,1020.4,320,60.91,66.28,65.2,320,0.61,0.53,0.56,320,0.75,0.98,1,,,,,,,,
125,313.15,11.21,7.1,3.9,313.15,34.88,29,24.6,4-methylphenol,108.137,313.15,1018.5,1027.1,1005.4,313.15,63.23,67.37,57.23,313.15,,0.49,0.6,313.15,0.85,0.81,0.96,313.15,,203.5,195.6,313.15,229.41,203.5,195.6
126,293.15,8.1,4.6,4.1,298.15,31.84,31.84,,diethyl^propanedioate,160.167,293.15,1055.1,1086.4,1097.8,293.15,57.26,75.4,83.55,293.15,,0.49,0.42,293.15,0.99,0.97,0.93,293.15,,293.5,281.2,293.15,284.24,293.6,281.3
127,298.15,12.9,12.9,60.8,298.15,24.78,20.5,21.4,2*4-dimethylpentan-3-one,114.185,298.15,799.93,828.1,816.6,298.15,40.5,49.73,56.03,298.15,,0.84,0.77,298.15,1.1,1.1,1.08,298.15,,251.1,244.1,298.15,235.51,251.1,244.2
128,298.15,11.66,9.1,6.7,298.15,26.12,19.9,21.1,heptan-2-one,114.185,298.15,811,825.5,809.4,298.15,47.24,51.74,54.72,298.15,0.96,0.87,0.79,298.15,1.06,1.01,0.91,298.15,243.57,247.4,235.3,298.15,243.6,247.5,235.3
129,298.15,2.46,1,1.1,298.15,32,23,18.5,ethenylbenzene,104.149,298.15,901,912.1,892.2,298.15,43.93,45.02,42.43,298.15,,0.74,0.88,298.15,0.97,1.18,1.14,298.15,,171.2,163.9,298.15,182.5,171.2,164
130,298.15,17.44,6.9,11,298.15,39.04,33.4,29.1,1-phenylethanone,120.148,298.15,1023.4,1026,1021.5,298.15,53.4,61.62,59.11,298.15,0.56,0.48,0.54,298.15,0.84,0.89,1,298.15,204.57,202.6,195.8,298.15,204.6,202.7,195.8
131,298.15,6.64,3.4,3.9,298.15,37.17,33.6,34.8,methyl^benzoate,136.148,298.15,1084,1096.8,1111.3,298.15,55.57,62.22,64.21,298.15,0.45,0.47,0.47,298.15,0.88,0.71,0.72,298.15,221.26,221.7,214.4,298.15,221.3,221.7,214.4
132,298.15,9.47,9.47,6,298.15,39.22,36.5,33.9,methyl^2-hydroxybenzoate,152.147,298.15,1181,1200.2,1222.1,298.15,61.04,71.44,71.92,298.15,,0.39,0.37,298.15,0.7,0.8,0.99,298.15,,250.1,237.2,298.15,247.51,250.1,237.3
133,298.15,2.43,1.2,1.1,298.15,28.75,20.7,18.3,ethylbenzene,106.165,298.15,862.5,870,853.1,298.15,42.25,44.48,42.36,298.15,0.86,0.83,0.96,298.15,1.02,1.19,1.35,298.15,185.47,191.7,182.7,298.15,185.5,191.8,182.8
134,298.15,2.55,1.5,1.2,298.15,29.76,22.8,18.4,1*2-dimethylbenzene,106.165,298.15,876,884.4,857.1,298.15,43.43,46.45,42.77,298.15,0.81,0.74,0.98,298.15,0.95,1.05,1.4,298.15,187.98,200.5,189.6,298.15,188,200.6,189.6
135,298.15,4.41,4,,298.15,32.8,30.4,31.2,1*2-dimethoxybenzene,138.163,298.15,1082,1057,1075,298.15,48.38,63.53,64.77,298.15,,0.53,0.5,298.15,0.93,1,0.97,298.15,,238.1,235.2,298.15,,238.2,235.3
136,298.15,7.81,4.4,4,298.15,33.3,26.4,24.2,2*4*6-trimethylpyridine,121.179,298.15,910.4,926.7,910.2,298.15,50.34,56.8,54.66,298.15,,0.58,0.65,298.15,0.83,0.99,0.86,298.15,,235.2,225.9,298.15,214,235.2,226
137,298.15,9.86,5.6,,298.15,27.1,15.6,23.1,octan-1-ol,130.227,298.15,822.2,888.3,834.2,298.15,72,86.24,85.16,298.15,0.76,0.49,0.6,298.15,0.84,0.7,0.64,298.15,305.47,304.7,289.9,298.15,305.5,304.8,289.9
138,298.15,3.05,2.2,,298.15,22.44,16.5,18.2,1-butoxybutane,130.227,298.15,764.3,767.8,772,298.15,44.4,50.2,53.39,298.15,,1.13,0.96,298.15,1.13,1.52,0.77,298.15,,289.3,280.2,298.15,251.9,289.4,280.2
139,298.15,2.74,3.1,2.2,298.15,24.12,16.7,19.1,N-butylbutan-1-amine,129.242,298.15,757.6,769.6,771.1,298.15,49.44,55.05,58.56,298.15,1.06,1.06,0.86,298.15,1.12,1.41,1.27,298.15,292.76,301.2,288.2,298.15,292.8,301.3,288.2
140,303.15,10.6,2.2,4.5,303.15,45.94,38.3,34.6,isoquinoline,129.158,303.15,1091,1124.4,1105,303.15,59.43,74.94,62.63,303.15,,0.27,0.43,303.15,0.68,0.45,0.84,,,,,,,,
141,298.15,9,4,4,298.15,42.59,33.7,32.1,quinoline,129.158,298.15,1090,1077.7,1088.5,298.15,64.1,61.05,61.37,298.15,0.44,0.48,0.49,298.15,0.73,0.9,0.78,298.15,199.97,194,190.6,298.15,200,194.1,190.6
142,293.2,6.18,6.18,,298.15,27.69,21.4,19.8,(1-methylethyl)benzene,120.191,298.15,857.3,873.9,856.2,298.15,45.14,48.71,46.9,298.15,0.98,0.79,0.9,298.15,0.98,0.99,1.43,298.15,198.88,226.4,217.9,298.15,198.9,226.4,217.9
143,298.15,2.37,1.2,1.1,298.15,29.19,24,18.8,1*2*4-trimethylbenzene,120.191,298.15,872,884.4,854.6,298.15,47.57,51.45,47.04,298.15,0.84,0.7,0.9,298.15,0.9,0.99,1.05,,,,,,,,
144,298.15,9.7,8.8,4,298.15,25.8,20.2,20.2,2*6-dimethylheptan-4-one,142.238,298.15,802.43,836.1,819.3,298.15,50.51,59.43,58.14,298.15,,0.77,0.77,298.15,1,1.33,0.93,298.15,,316.9,299.9,298.15,297.3,317,300
145,298.15,5.04,3.3,,298.15,39.23,28.4,28.9,1-chloronaphthalene,162.615,298.15,1188,1171.7,1191,298.15,64.66,61.67,61.67,298.15,0.49,0.55,0.53,298.15,0.7,0.99,0.75,298.15,222.12,211.9,208.2,298.15,222.14,211.9,208.2
146,303.15,3.65,1.7,,303.15,38.24,32.6,28.8,phenoxybenzene,170.207,303.15,1066.1,1082.1,1073,303.15,58.42,72.7,69.65,303.15,,0.46,0.56,303.15,0.65,0.76,0.74,303.15,,270.1,262.9,,,,
